acc_x_mean,acc_y_mean,acc_z_mean,acc_x_std,acc_y_std,acc_z_std,acc_x_min,acc_y_min,acc_z_min,acc_x_max,acc_y_max,acc_z_max,acc_x_range,acc_y_range,acc_z_range,acc_x_rms,acc_y_rms,acc_z_rms,acc_x_zcr,acc_y_zcr,acc_z_zcr,acc_sma,acc_magnitude_mean,acc_magnitude_std,acc_magnitude_max,acc_magnitude_skewness,acc_magnitude_kurtosis,gyr_x_mean,gyr_y_mean,gyr_z_mean,gyr_x_std,gyr_y_std,gyr_z_std,gyr_x_min,gyr_y_min,gyr_z_min,gyr_x_max,gyr_y_max,gyr_z_max,gyr_x_range,gyr_y_range,gyr_z_range,gyr_x_rms,gyr_y_rms,gyr_z_rms,gyr_magnitude_mean,gyr_magnitude_std,acc_dominant_freq,acc_energy_low,acc_energy_mid,acc_energy_high,acc_spectral_entropy,gyr_dominant_freq,gyr_energy_low,gyr_energy_mid,gyr_energy_high,gyr_spectral_entropy,acc_x_y_corr,acc_x_z_corr,acc_y_z_corr,gyr_x_y_corr,gyr_x_z_corr,gyr_y_z_corr,acc_gyr_magnitude_ratio,window_id,activity_id,activity_name,recording_folder
0.1049850905729204,-9.802044835868,-0.94298269024072,1.4710733226876265,1.7406173710581043,1.6100112155768294,-3.570091486,-14.3569355,-5.495117188,4.895116806,-6.355337143,2.817548752,8.465208292,8.001598357,8.31266594,1.4748147646283642,9.955392096587444,1.865838274979052,0.1,0.1,0.112,12.30048906138681,10.066673668249347,1.8515788160685025,15.803473714658349,0.4917910818326233,0.0880935692262578,0.017933171970168,-0.5713685298548007,-0.134903479003696,0.7261708717260494,0.7068623617439797,0.6948293362297867,-2.298686028,-2.489275932,-2.014175415,1.200197458,0.9410378933,1.073137522,3.4988834860000004,3.4303138253,3.087312937,0.7263922725361842,0.908909453883451,0.7078041785217339,1.200621402078246,0.6428507859242991,1.6,1070.2769271593274,41142.598608358974,60709.16636036465,0.5385164302338736,1.6,3016.0162390942023,6084.923189856755,3541.7689842311465,0.438815928407037,-0.2641245247443108,-0.1908443775074287,0.1080239053506071,-0.3425564509720215,0.4418565877489532,0.0470302209583837,8.384545924533974,30,0,walking,0_walking
0.530565352783272,-9.862135770748,-0.647428419904284,1.8895087093449845,1.6937568905429186,1.6179085079445288,-6.510870457,-14.43589878,-5.324030399,7.447660446,-5.467001438,2.855235577,13.958530903,8.968897342000002,8.179265976,1.9625857322075348,10.006524589732884,1.742639233742615,0.108,0.116,0.088,12.518683360944989,10.17113248788116,1.888685398403039,15.675961450473476,0.2797003673120555,0.1811308250893391,0.03134533008852,-0.4775866644641199,-0.13542760381636,0.7681819815218589,0.9602869171623966,0.7317895925245878,-2.675742388,-3.568216562,-2.198045969,1.13559854,1.682780981,0.9699012637,3.811340928,5.250997543,3.1679472327,0.7688212317913754,1.0724924173844883,0.7442154550953259,1.314667442700676,0.7528826140282683,1.6,1929.0801792002849,56050.40960656838,48058.74810386137,0.5313819336389,1.6,3489.636316948372,9744.6881919889,3571.371572977084,0.4799715029664377,-0.3210826880329669,-0.307227476781428,0.0923416733792352,-0.2265054641656236,0.3929984792601471,0.1380064215334668,7.736652191169182,0,0,walking,0_walking
-0.0021511485120919,-9.923267612344,-0.4519108782491119,2.01444922465962,1.787795378711737,1.3946250020944255,-6.732206345,-15.04846191,-4.271188259,5.534000397,-5.934798241,5.779862881,12.266206742,9.113663669,10.051051139999998,2.014450373221357,10.083027939182676,1.4660158042622733,0.104,0.1,0.124,12.532013776146773,10.21549092939225,1.875742556525681,15.47194365678876,0.5652705244995093,0.1653930890243424,-0.0038814399233548,-0.8074380159065202,-0.1577418992822279,0.7551627571456315,1.163758531633022,0.7339775732287732,-2.618779421,-3.679241419,-1.68125391,0.9337075353,1.793042183,1.278235555,3.5524869563,5.472283602,2.959489465,0.7551727321319743,1.4164356919675898,0.7507366947152402,1.547129257183226,0.8640443108978951,1.6,1450.3507512556423,33192.7589946392,66756.1068182776,0.6046394506671079,0.4,9797.488043681102,7497.947339777138,5712.88169662073,0.4817262193871582,-0.1086932071873187,0.0701743718513516,-0.0792049278787162,-0.3936615078589049,0.3839906637257307,-0.0300321378825223,6.602864162188274,22,0,walking,0_walking
-0.242172795879556,-9.782519403108,-0.862227320562648,1.978393680818304,1.9043720281342216,1.7342529036963423,-7.070192814,-14.54596901,-5.341378212,6.257231236,-5.695516109,2.817548752,13.32742405,8.850452901,8.158926964,1.9931606105293973,9.966158672915284,1.9367676903293896,0.084,0.1,0.112,12.661499001177436,10.144357960323369,2.034718302915221,15.803473714658349,0.404552595289547,-0.1896719886249096,0.0408106853775471,-0.0252073553447847,-0.074698433622064,0.7494482820302534,0.9105827466414704,0.6259801518157464,-2.558914423,-1.818851233,-1.552666783,1.673159957,2.507143736,0.8483390808,4.23207438,4.325994969,2.4010058638,0.7505586182831314,0.9109315831853688,0.6304212928295291,1.1586075681804848,0.6694730003005677,1.6,956.2194340292008,53477.8353899534,69413.0260271493,0.517999419343352,1.6,810.6282086358271,8352.915846413323,4241.698728703128,0.4592645745542118,-0.1481729448518064,-0.3209460083799373,0.0889347922414012,-0.2040157370626217,0.6665279335460581,-0.3096036365689603,8.755638650467075,31,0,walking,0_walking
-0.045590450494824,-9.861082939008,-0.624074472469376,1.802849601521164,1.8644206968234136,1.5008727317530497,-5.042873859,-15.00060558,-4.50269413,5.758925915,-5.939583778,2.699702263,10.801799774,9.061021802,7.202396393,1.803425954920617,10.035787027669436,1.6254500620159915,0.096,0.116,0.108,12.539948395699993,10.136617379665536,1.96480086573421,16.657129447159797,0.4226755470963891,0.1214217085151689,0.0249678950509719,-0.4248463924620131,-0.1054127394969531,0.7403934706452123,0.8779868709813852,0.7298212475589375,-2.332283497,-3.115260124,-1.885588288,1.28724575,1.805717707,1.233947754,3.619529247,4.920977831,3.119536042,0.7408143405451458,0.9753744936195894,0.7373946697913787,1.2474673169586308,0.6983820459589302,1.6,1462.9469356767102,41034.21983815694,71204.2174906174,0.5580165164783276,1.6,3272.287776222496,7171.829365646281,4453.875105029658,0.521957215179073,-0.2688399188970981,-0.2767182244323072,0.0689125833890706,-0.1519201474009194,0.3357057579663235,-0.1230729749503699,8.125751365276312,18,0,walking,0_walking
-0.0968925656326119,-9.87862468508,-0.6010172280894601,2.2300437547891527,1.8193598866942304,1.5215328481834038,-8.371888161,-15.17946911,-5.895915031,6.937989235,-5.388636589,2.647060156,15.309877396,9.790832521,8.542975187,2.232147691697163,10.04476460978474,1.635935181039102,0.104,0.104,0.112,12.635333448668424,10.231511859839156,1.9677978458330048,16.879437292648753,0.6708528753188192,0.9787366719823538,-0.0148983924718799,-0.8435682488622758,-0.1649837078958736,0.7376649604506413,1.274474658823625,0.6370006782106213,-2.568840981,-3.668398619,-1.722792745,1.252121091,2.146122217,1.014494419,3.820962072,5.814520836,2.737287164,0.7378153942382149,1.5283628647910037,0.6580193674291529,1.5774787089781237,0.908193268572076,1.6,2313.2062733895395,41168.04255464282,71953.83998107293,0.6253079607820837,0.4,13162.060509325143,5910.389542812412,6203.711783046061,0.4413256559467702,0.0072259997548563,-0.0615774418278312,-0.025538804745886,-0.5326654748112334,0.520048966816606,-0.220745978163409,6.485986350003218,28,0,walking,0_walking
-0.0567529652462999,-9.901559910032,-0.53266146003342,1.8739059391403772,1.6452743660159963,1.5634862533770866,-6.014359951,-14.32582951,-4.987838745,5.848058701,-6.481558323,3.506681681,11.862418652,7.844271187,8.494520426000001,1.87476515004142,10.03732117606198,1.651731665708463,0.096,0.112,0.12,12.6421171070968,10.201201995498476,1.710630322943577,15.177382955432762,0.2893781234318492,-0.3333178478327467,-0.0534403223223543,-1.0868538902107998,-0.178163123713152,0.7196892673751355,1.0108025842407995,0.6538099258806219,-2.48942852,-3.324175835,-1.666134953,1.04228878,1.623985291,0.7735081315,3.5317173000000004,4.9481611260000005,2.4396430845,0.7216706379123903,1.4842416390110569,0.6776499965551923,1.59851814842247,0.792294768122544,6.4,1450.2566758029193,18828.65513617295,68552.9156397588,0.5871551446775918,0.8,7367.188407226242,6092.037120066872,5895.473489009713,0.5045862884513326,-0.1376577000911714,-0.0018170185542637,0.0141532786308102,-0.4945634220068358,0.4259241810746521,-0.1059191756589599,6.381657677085528,10,0,walking,0_walking
0.10510473420562,-9.983126443828,-0.472137404868812,2.042606153007875,1.856444978934668,1.785573317800388,-4.674977303,-16.11805344,-9.690333366,6.418746948,-5.359922886,10.1270237,11.093724251,10.758130554,19.817357066,2.045308510092809,10.154270114255857,1.8469395773324424,0.08,0.12,0.12,12.942452244299169,10.34251613942881,1.932882345798424,16.890271326707783,0.5184942225685266,0.4549225981332405,-0.0288542188141079,-1.2595876377216082,-0.269362862496156,0.7963266932743714,1.0073520652565118,0.7090935545179644,-2.505158424,-3.734524727,-1.939344406,1.166905284,3.124423027,1.166141748,3.672063708000001,6.858947754000001,3.1054861540000003,0.7968492758136053,1.6128605644871044,0.7585314896238945,1.7488694286851914,0.8678212436923314,6.4,2521.604757639124,25718.069220361303,82748.24825738267,0.5583958145521345,0.8,8413.271564766428,7102.91741259949,7203.949233932915,0.4896829562228836,-0.1182477937226627,0.0788608650867757,-0.0203367947676407,-0.4104399270032889,0.3006756022827928,-0.0140435129830222,5.913826416062372,53,0,walking,0_walking
-0.16706926960614,-9.962866411396,-0.4323758728991599,2.0068811118212224,1.7323414143499514,1.6861798327884838,-6.737590313,-14.85883045,-4.444069862,6.151947021,-5.851049423,4.071985722,12.889537334,9.007781027,8.516055584,2.01382321414555,10.112354518468711,1.7407329846842998,0.096,0.136,0.096,12.78732554547298,10.30154416274451,1.795421129434141,15.40692998463551,0.6100701037022205,0.653517579646564,-0.0033994658334199,-0.854412329705512,-0.1673630281006039,0.8681506877386378,1.276294445788161,0.7000464695953502,-2.880076885,-4.275751114,-1.842522264,1.424843192,1.914146304,1.093296051,4.304920077,6.189897418,2.935818315,0.8681573434516479,1.5358866955288435,0.7197745777449474,1.6435251406972875,0.9641294877532846,1.6,1697.7265967238457,38667.38881082236,52534.80691695809,0.5960264442842319,0.4,14254.564798601305,7488.498910762149,6662.297817301738,0.4858986084237889,0.0466923998175629,-0.0668178039864238,-0.0186315263805477,-0.218622725767976,0.4185534845948707,0.0144267683750702,6.267952731420472,4,0,walking,0_walking
-0.2472838651442959,-9.849164276088,-0.6087938981677601,2.1827357689279925,1.8580014543411585,1.6407254827196276,-8.300103188,-14.76012611,-4.439284325,5.949753284,-5.676971912,5.316253662,14.249856472,9.083154198,9.755537987,2.1966986017472623,10.022884132908148,1.750031462600559,0.08,0.112,0.084,12.826866946808824,10.218569411956553,1.981701385612387,16.09478783637146,0.4621544857452148,0.1465737210080715,0.043709241958984,-0.332181189082664,-0.07879795285278,0.7270117492318331,0.8212214131991881,0.7226155900274939,-2.498744249,-1.863597155,-1.54823792,1.749976158,1.861001015,1.424843192,4.248720407,3.72459817,2.973081112,0.7283245027827627,0.8858605713526504,0.7268991734240533,1.2193869226425451,0.5972298338528631,1.6,1133.9383927895883,46311.27968050815,68134.98414292018,0.5544199309244447,1.6,730.184431586832,5167.192449051807,4669.888655938771,0.5403540208487434,-0.2142289042535365,-0.2597182447956098,-0.0813147080955129,-0.0183027439652729,0.3800031678406423,-0.3213152921238544,8.380080876815486,12,0,walking,0_walking
-0.266809291116828,-9.850899061296,-0.785355500709812,2.2387383645930723,2.0538719488814974,2.0179506453247056,-5.967101574,-15.15434361,-8.46819973,6.778268337,-5.413163185,8.509475708,12.745369911,9.741180425,16.977675438,2.254581261105292,10.06273334130666,2.165388664757797,0.1,0.108,0.08,13.097382724059816,10.30151538200213,2.215722876401036,16.583872791586817,0.439157447728084,-0.0820778845280281,0.0528056369616039,-0.091561978845504,-0.012905139389684,0.8430413742436419,0.7490424517071826,0.7382530391075465,-2.825557232,-1.803274155,-1.678504944,2.275473118,1.868331313,1.201419234,5.10103035,3.671605468,2.879924178,0.8446935503373569,0.7546179102231881,0.7383658255730662,1.190386178976801,0.6411865732268165,1.6,1441.0637392410504,58334.09893663315,86329.18747616393,0.5702457361071396,1.6,1387.386585893211,6936.661455274027,4129.408839364729,0.5056351144450053,-0.2649325577063977,-0.228182078404116,-0.0098914443455973,-0.1223088138072017,0.4703912036964233,-0.3809268505756438,8.65391997153129,49,0,walking,0_walking
-0.192770574000048,-9.815581039416,-0.889383457756864,2.5651231096300706,1.9291889322243267,1.9281870013372435,-9.870393753,-16.14616966,-5.734997749,6.577869415,-5.637490273,3.81595397,16.448263168,10.508679387,9.550951719,2.5723563248038848,10.00336948620612,2.1234189523166327,0.092,0.112,0.096,13.297702686907536,10.321657106757833,2.157943640805125,17.549568964256068,0.3960823417805221,0.4120873777184846,0.0410483106760639,0.388358797698132,-0.0046688410576591,0.8792128572394703,1.1080621955079308,0.7045402148362415,-3.21192956,-2.113135576,-1.705993891,1.745089293,3.030655146,1.081689596,4.957018853,5.143790722,2.787683487,0.8801705585535974,1.1741483657798084,0.7045556843843637,1.3948060620520986,0.8391897036242656,2.4000000000000004,2773.312757764385,67199.46282019427,67412.06543549134,0.5411334148916973,1.6,2570.137200095264,11452.57924494369,7436.9782610987795,0.5411721859488225,-0.1780454400225054,-0.3417393012822491,0.1420468753354745,-0.2252961951292889,0.6251068580343098,-0.4631645873032157,7.4000608310458205,33,0,walking,0_walking
-0.044590250986848,-9.95085444066,-0.4585126775344039,1.9521113106001355,1.7028964302531815,1.5036108410015487,-4.735395908,-15.04606915,-5.069792747,5.449653625,-6.308078766,2.965305567,10.185049533,8.737990384,8.035098314,1.9526205108663712,10.09551189149772,1.5719667415811167,0.108,0.104,0.076,12.608258664649332,10.253470168866617,1.752003465643677,15.489827149367768,0.672432912886077,0.2933501894307118,0.0246484116859584,-0.6989336899567881,-0.15780359679716,0.8273111984464916,1.2002480012472267,0.7002955327538147,-2.684294701,-3.568827391,-1.630093932,1.243568897,1.539380431,1.136362076,3.927863598,5.108207822000001,2.766456008,0.8276782969690645,1.3889217283398565,0.7178550051069296,1.5029878363711633,0.9330049854130384,1.6,393.4815447435435,28448.05604428425,61787.86254903413,0.5540239758400817,0.8,14525.178385896186,5158.025140944956,6654.640477957675,0.4745473197756635,-0.2110468950473151,-0.0354493740458153,-0.160850925539525,-0.212266880742677,0.3031623339503361,0.0603591269738309,6.822053444936248,69,0,walking,0_walking
0.17589878858102,-9.958458862304,-0.27083402130924,1.7206599382808567,1.7917969018037412,1.4764702455453391,-4.596612453,-15.40259933,-4.104289055,4.705485821,-4.7844491,3.698705673,9.302098274,10.61815023,7.802994728,1.7296274185583878,10.118371363490992,1.5011047442064958,0.096,0.096,0.112,12.48376013419166,10.2167794027405,1.801050844745972,15.881307058741324,0.3705874863150816,0.6138654978012283,-0.0246093190100679,-1.284297749675328,-0.2348697451111344,0.7757958336752975,0.9894862966265074,0.7147188556512934,-2.530356646,-3.607617378,-1.937359095,1.022435665,1.166447163,0.9456194043,3.552792311,4.774064541,2.8829784993,0.7761860563873131,1.6212661228289305,0.7523209685978876,1.7567877475700588,0.8430019483622947,6.0,1045.0846954130325,19220.910839750388,77918.80581635772,0.53893224744749,0.8,7351.1658867647,9362.754055414354,5261.190881489549,0.4752607808434345,0.140690184579403,0.0630863496976853,-0.1219454061578499,-0.4585017424654827,0.253549606972132,0.0724050582957002,5.815599295516929,35,0,walking,0_walking
0.058863438079844,-10.003302715352,-0.209941473629988,1.9708808102245563,1.7159992948538851,1.559651353158214,-4.3986063,-16.09292793,-3.702893019,5.372485161,-5.915057659,4.000201225,9.771091461,10.177870270999998,7.703094243999999,1.9717596386106453,10.14941962847668,1.5737178164328505,0.096,0.104,0.1,12.738906778610897,10.317247336442955,1.711592834695395,16.232088554150884,0.65915555124036,0.7647365309157621,-0.0181982885709455,-1.3186094457830362,-0.242476239688908,0.8585419991109476,1.0810248372776028,0.7909403892808954,-2.684294701,-3.66732955,-2.058310509,1.190729022,0.9156870246,1.136362076,3.875023723,4.5830165746,3.194672585,0.8587348496156039,1.7050940060065056,0.8272734893670213,1.8526430193783243,0.9470302953031118,6.4,404.511795669323,24837.97525578501,60297.18788179487,0.5194141587125091,0.8,14193.018060178929,8509.915361816998,4891.627890349816,0.4201289631096702,-0.1928411943804922,0.0921647193247797,-0.0524562577665898,-0.3049754654408967,0.1220793886328363,0.1718291237805009,5.568931337335397,70,0,walking,0_walking
-0.263181772303856,-9.825798372292,-0.7151644410708721,2.498719757447695,1.9999983169799265,1.69962378102298,-9.127422333,-16.03550148,-5.46161747,6.162714481,-5.57707119,5.510072231,15.290136814,10.45843029,10.971689701,2.512541556180209,10.027278141193584,1.843958018717092,0.092,0.116,0.116,12.989222366990615,10.262508668053396,2.222671591871167,17.55474931612397,0.4232082796786079,0.3846879900850033,0.008426274037116,0.259957372133188,0.01426065125678,0.811562455393733,0.8920935772335977,0.6700077668350086,-2.447278976,-1.717753053,-1.460120678,2.019520521,2.971401215,1.199739337,4.466799497,4.689154268,2.659860015,0.8116061982876014,0.9291979260996172,0.6701595136931974,1.183330059273515,0.7556170667606215,2.4000000000000004,1236.6080759357255,71117.68402754418,73991.36987393348,0.5616091160252178,1.6,2004.1987005636129,10178.369861471345,5065.220872489079,0.5027404423714563,-0.137186070998305,-0.3224678705183533,0.1262010547963759,-0.2511859990201526,0.5282178685153694,-0.5635055004466983,8.672559202793073,45,0,walking,0_walking
-0.173321716121008,-9.918546548752,-0.5287420222084,1.743958189527369,1.750793015093176,1.5043469088862091,-5.966503143,-14.29292774,-5.514259815,4.55354166,-6.007181168,3.422334671,10.520044803,8.285746572,8.936594486,1.75254973798141,10.071883727558578,1.5945619299119491,0.096,0.108,0.108,12.447774444173552,10.178582830758192,1.858319593416871,15.663846315424957,0.6018182522484736,0.2850328863877727,-0.0093694533346608,-0.8390081407153839,-0.165306855460936,0.7743893864352787,1.172306704589843,0.6616808055921629,-2.593733788,-3.48376441,-1.643380284,1.14491415,1.074664712,1.10673511,3.738647938,4.558429122,2.750115394,0.7744460655716432,1.44160940265142,0.6820174814119331,1.4940745641424775,0.9544073658696912,6.4,540.4063130603931,24767.870555113663,79301.1649052136,0.542430878855683,0.4,18415.295086695118,4624.28214839793,5105.312576467741,0.4062563894431054,-0.1025342971646514,-0.1942027815157538,0.0030754686813785,-0.3677930369041395,0.4487113114371116,-0.0954113152997102,6.812629210357358,75,0,walking,0_walking
-0.600115131451212,-9.73490221422,-0.7981618855105881,2.538691755048365,2.1673918668598238,1.8468041112039169,-8.962915421,-16.86401558,-5.991627693,7.05164814,-5.931209087,5.743970871,16.014563561,10.932806493,11.735598564,2.6086575087863206,9.973259679009445,2.011901543476098,0.08,0.1,0.08,13.10447267581996,10.22842575995675,2.387060308579882,18.21581146471148,0.575155640257657,0.4499104705419237,0.0551721292923599,0.5223808018970081,0.023336275385968,0.8067345003729453,0.93772498248586,0.6411779465042982,-2.575865984,-1.32282865,-1.524261475,1.245248795,2.57601881,1.118036151,3.821114779,3.89884746,2.6422976260000004,0.8086188953658197,1.0734103805016364,0.641602478823421,1.2809159952568707,0.7595935207983054,2.4000000000000004,1946.085652211324,77186.2035831139,84936.82806466262,0.5557905440877392,1.6,3408.6504694128957,8326.7552822797,5583.413187426094,0.5103198019962814,-0.1908402490887397,-0.4659551929789196,0.1616635301488816,-0.3026902610799573,0.7369615773172342,-0.5764410029349882,7.985236980875234,67,0,walking,0_walking
-0.454071586732048,-9.8976787644,-0.8211162328510959,2.95173798509909,2.37231636486567,2.260204371173345,-10.2281208,-18.06461525,-6.7202425,7.905287743,-5.435894966,10.84008503,18.133408543,12.628720284,17.56032753,2.986459130568204,10.178012077918956,2.404736090992662,0.088,0.14,0.116,13.757091114113097,10.524122775930454,2.7452620023019496,19.44556600708019,0.5182008510364903,0.4553727773977085,-0.07841860266642,0.61335329703072,-0.0551586879171392,0.9680142557967228,0.946824126433139,0.7265690408522062,-2.758667469,-1.525788665,-1.614669561,1.921934724,3.343418121,1.048702955,4.680602193,4.869206786,2.663372516,0.9711853976815328,1.1281303973275123,0.7286597642093566,1.405250368278277,0.8786897771543553,2.8000000000000003,6160.499646121365,109464.08752434996,103075.06309864784,0.5873250855587694,1.6,4308.144215083124,12346.3917827573,6639.996557771836,0.5291147274168472,-0.0317875249977045,-0.2522123815265604,0.1282324967584203,-0.281906423564624,0.6945557269111527,-0.519258267366601,7.489138963675002,56,0,walking,0_walking
-0.146414432148088,-9.91042292604,-0.584123893151428,2.0448988730447875,1.8954908719904504,2.20406653261572,-6.547959328,-15.04905987,-13.78385448,6.098108292,-5.546562672,20.08176422,12.64606762,9.502497198,33.8656187,2.0501337973217963,10.090062845135224,2.2801556970406787,0.1,0.108,0.14,12.905739158529515,10.31576620868552,2.190090029242737,23.80936136890828,1.2315577345031603,5.144864489436987,0.026576303000792,-0.555826288786684,-0.1272872110230384,0.7649848576822635,1.14629585180026,0.6640611378084341,-2.473698854,-3.219107151,-1.525788665,1.425301313,2.285094261,0.9381362796,3.899000167,5.5042014120000005,2.4639249446,0.765446361520089,1.273945463181553,0.6761503004787143,1.4355414295253377,0.7779750693171409,6.4,2636.610799989134,37281.13911889505,88836.47739151592,0.6155906116087101,1.6,3297.0124187345477,8836.236897360384,6114.960222744915,0.4981001250764786,-0.0956915484512903,-0.1472161936311566,-0.0406847914028682,-0.2642886789392339,0.4796560199170639,-0.0771132938140292,7.185970958793904,40,0,walking,0_walking
-0.1745994785600076,-9.812082702616,-0.7576657546449679,2.395343192009856,1.9437196498557203,1.53866525768869,-7.417151928,-15.41336727,-4.987838745,7.304090977,-5.947958946,3.452244759,14.721242905,9.465408324,8.440083504,2.401698146191855,10.002750273810266,1.7150942163566207,0.096,0.124,0.136,12.90154933116848,10.221913586860122,2.0681387331069176,15.989967983609445,0.3909001257145777,-0.1504078362593186,-0.0012247837513184,-0.2094333205484,-0.063324734474372,0.7173461500776821,1.0541917686962412,0.6741168690378937,-2.391384602,-2.933680296,-1.467145562,1.408502579,2.555860281,1.170417786,3.799887181,5.489540577,2.637563348,0.7173471956636548,1.0747942132998478,0.677084614444681,1.2764782829616994,0.7062693312853121,6.4,1236.9865098437435,46009.15794673869,79210.99206193499,0.5684200440424193,1.6,1597.798543803833,7530.539005438888,5994.227750383445,0.4829740894090669,-0.1765006390523308,-0.1290858411453758,-0.0338832266753835,-0.4080014779289662,0.5376389313439276,-0.381352782392105,8.007896190170154,9,0,walking,0_walking
-0.1911219269330799,-9.902737177136,-0.9253691211548876,2.581383367057805,2.1922854988708083,1.8068587663514355,-7.734200954,-16.59123421,-5.595017433,6.97567606,-5.808577061,3.668795347,14.709877014,10.782657148999998,9.26381278,2.5884488943530077,10.142500643726413,2.030036110991132,0.084,0.108,0.096,13.3793027037256,10.396371439503804,2.367888192137803,18.29122341989276,0.6989622076870592,0.4889721182781281,0.0351088669155744,-0.0949510617123079,-0.0172709926386183,0.7932960227266758,0.8299703181257716,0.7107279939567034,-2.613586903,-2.391690254,-1.548390627,1.305877209,1.48165369,1.185384035,3.919464112,3.873343944,2.733774662,0.7940725484551507,0.8353840033721552,0.7109378092213432,1.1732293161051734,0.6763011058041948,1.6,130.06588019624087,58046.76829669057,106726.2233314366,0.5816417855815288,1.6,2375.625131522818,5708.943989648087,5689.018018572963,0.5178729935226458,-0.3205062472884952,-0.3505990261929109,0.1983491839631141,-0.1621337509372669,0.5744525510854996,-0.1096992929850011,8.86132185368097,61,0,walking,0_walking
-0.105690974359144,-10.010983686584,-0.1875805449216799,1.480416110790397,1.6346082974474572,1.3981734492605613,-3.808177233,-14.78166199,-3.303889751,4.009772778,-6.527021885,4.071985722,7.817950011000001,8.254640105,7.375875473,1.4841841001535998,10.14355650938738,1.410700342046563,0.092,0.12,0.084,12.261612845270134,10.21375859564826,1.662453580451314,15.135562784636583,0.3463684644108757,-0.0075517327242748,-0.076250032427064,-1.28572106408536,-0.203143848973592,0.8123969331879177,1.018414403457234,0.6948705411080728,-2.880076885,-4.275751114,-1.831526756,0.908356607,0.793972075,1.020144939,3.788433492,5.069723189,2.851671695,0.8159674285768167,1.6401971076068704,0.7239561397457939,1.7220648445052529,0.956375742004646,6.0,1729.4571146260384,19286.507314647355,58347.31155196251,0.5697458273130128,0.8,14629.86097522356,6579.371081718855,7098.480857310957,0.4413746570682205,-0.059088762823098,-0.1238251474886308,-0.0097529576360069,-0.2987141323756196,0.3129074935343883,0.2424170432680648,5.931108051552268,5,0,walking,0_walking
0.1173224861814799,-9.942106275616,-0.3279243806247279,1.932353930649672,1.5769337999543154,1.4046550876941253,-4.843072891,-14.9904356,-4.532604218,5.950950146,-5.769693375,3.564707518,10.794023037,9.220742225,8.097311736,1.9359122601660024,10.066389492021528,1.4424251504993602,0.084,0.108,0.12,12.650738435260273,10.22998932128002,1.5836232144775912,15.28269718841258,0.4082951664285168,0.2351794276221506,0.000113009397796,-1.34114548103272,-0.255961700484728,0.7937783695912561,1.0851863313870262,0.7444451217001868,-2.444377184,-4.206112862,-1.918269634,1.288009405,1.429882765,1.016785145,3.732386589,5.635995627,2.935054779,0.793778377635771,1.7251958077631997,0.7872197478075862,1.8369710569550213,0.9228417823080975,6.0,711.9647255955642,15270.406664178108,56838.15485402859,0.5825031575506778,0.8,8472.024099811832,12093.299232731666,5849.172413963089,0.4659040713558474,-0.1089883263574048,0.0548039610763063,-0.0905825848098464,-0.5655601278611526,0.1385440198250633,-0.0860247015656224,5.568941172810939,47,0,walking,0_walking
0.051885971704072,-9.832103473796,-0.69525136592976,2.142507355103129,1.7479264825107483,1.577330942452974,-6.5790658,-14.00758362,-5.185246468,6.577869415,-5.637490273,3.125026464,13.156935215,8.370093347000001,8.310272932,2.143135534848573,9.986265854046437,1.7237596595369045,0.088,0.096,0.112,12.800952703906711,10.195398127738,1.8285896229574503,15.205010158351037,0.2520401770868427,-0.3105422484558313,-0.0049241861143439,-0.609914126869976,-0.114162771039936,0.7764435022694673,1.1152890762473535,0.707231349262134,-2.84418869,-3.607617378,-1.705993891,1.040609002,2.344348192,1.015716195,3.884797692,5.9519655700000005,2.721710086,0.7764591166477249,1.271166773382722,0.716386292212976,1.447360880371642,0.7981914101379983,1.6,1478.7084550646878,36612.62280005798,60601.364261736846,0.5765998758303356,1.6,4807.6039429848815,7886.799331992684,6868.86410409578,0.5137978770196927,-0.1801422548578207,-0.1726033543911849,0.0126500746097546,-0.406183392134449,0.5162101917107793,-0.2483959891658119,7.0441250844053656,34,0,walking,0_walking
-0.059562135968948,-9.987100953960002,-0.3547479216012961,1.9212416079812265,1.697458323452257,1.4220154482014704,-4.938187599,-15.41994762,-5.098506927,6.065805435,-6.121438503,3.651447296,11.003993034,9.298509117,8.749954223,1.9221646558709455,10.130328238731758,1.4655968145448692,0.088,0.112,0.124,12.619787318925685,10.265685050135298,1.7555488210124666,15.84052030127052,0.8552608533671173,0.2880825683413324,-0.0206405267120439,-1.0746927796721866,-0.2174203802954104,0.8356884817805792,1.1580666797710195,0.723177603512477,-2.617557526,-3.519042015,-2.120771408,1.300226688,1.493718266,1.224784851,3.917784214,5.012760281,3.345556259,0.8359433413358109,1.579899682092317,0.7551539366181245,1.7462040839091304,0.8461164463169408,1.6,418.0561651501493,29272.930820301663,60133.758207766456,0.5471406157402632,0.8,10598.051086703024,6394.786334184524,4884.915121873805,0.4762167206829267,0.0076447817034599,-0.1045352990967953,0.0590176310944807,-0.3122795208389757,0.2758724347631984,0.0691076465292639,5.87885417625408,64,0,walking,0_walking
0.13076536071224,-9.875308261804,-0.603410051901624,1.7051675761464022,2.04778816758901,1.4790451026270537,-3.215953588,-14.61117363,-4.524229527,5.109872818,-5.553741455,3.537788391,8.325826406000001,9.057432175,8.062017918,1.7101742724948237,10.085392885008094,1.5973972913276746,0.092,0.1,0.104,12.38021072307704,10.135276811301742,2.113690552541998,15.04506957153198,0.3507867449102213,-0.3113387303203003,0.020388849954344,-0.862802567745088,-0.2035781740494039,0.8218910857787048,1.0336367748961672,0.755594579944812,-2.486221552,-3.116176367,-1.994475007,1.339016676,1.349095941,1.114065528,3.825238228,4.465272308,3.108540535,0.8221439424364563,1.346414963272938,0.7825389716757027,1.5547885420503962,0.8268940362043347,1.6,1494.4367201192465,36695.06348680318,95055.39601147614,0.575630678180875,1.6,9532.430889486215,8219.74676579734,3248.090033136998,0.4252831359874749,-0.2196057499973634,-0.1590433303801153,0.0516544123643336,-0.3146125108825205,0.318776420947309,0.1157919241843812,6.5187451659442806,42,0,walking,0_walking
-0.486515874959808,-9.922190832064,-0.946768133719576,2.601642495218627,2.318199100871921,1.944771569313435,-10.2281208,-16.77607918,-6.281757832,7.905287743,-5.505286694,3.844667673,18.133408543,11.270792486,10.126425505,2.6467416514490627,10.18940223856033,2.162985519100091,0.092,0.112,0.112,13.369729010168536,10.427375778263183,2.603363225410648,18.46719624085944,0.4088843169053462,-0.0423595567795933,-0.017376672226168,0.30804956772696,-0.1001177585645512,0.9126165770481216,0.928914245552993,0.6950705125691539,-2.758667469,-1.843438625,-1.614669561,1.921934724,3.343418121,1.177290082,4.680602193,5.186856746,2.791959643,0.9127819922854996,0.9786604169823429,0.7022439626106699,1.2779777154887784,0.8067631120384459,1.6,7642.839868731839,86642.20748571897,103777.48859831164,0.5886590291987001,1.6,2792.4212258093203,8030.713454978266,8478.478903604127,0.5973223785078265,-0.103901782051397,-0.2334403391491409,0.0899672296021206,-0.2767247620991935,0.6706959980663191,-0.3803778161832165,8.159271865709522,55,0,walking,0_walking
-0.11659507519368,-9.937902107332,-0.3611032588527719,2.026452644468933,1.7680115049249585,1.5796018250445194,-5.991029739,-15.51386547,-4.305285931,5.727818966,-5.898906231,3.402593851,11.718848705,9.614959239,7.707879782,2.029804111690227,10.093946848307697,1.620351038891903,0.076,0.12,0.1,12.74441507065755,10.257964107949627,1.845962501664265,16.247108054866867,0.4837385921121969,0.4188788747138283,-0.0121892063422524,-0.936496127790048,-0.18722714278832,0.733828273807807,1.2600461175146236,0.6846642951059515,-2.538145065,-3.649156332,-1.663080573,1.112691045,1.64979434,1.022435665,3.65083611,5.298950672,2.685516238,0.7339295008316534,1.5699494309147128,0.709802225968338,1.6041141360032092,0.966452671621697,1.6,979.7680295850296,28825.802902891253,70965.49399672376,0.5942958921931318,0.4,16146.73260651914,7859.085379788655,4939.757703118503,0.4060991440003755,-0.0891670955229984,-0.0478142659287727,-0.1366729868931234,-0.318573084041335,0.43653357134208,0.0581225998247958,6.394780447934822,16,0,walking,0_walking
-0.245235611983172,-9.862961303675998,-0.6667217427998681,2.060188949121392,1.949566273478952,1.547843486310576,-4.770689964,-15.04905987,-4.231108665,5.225924492,-5.546562672,5.146961689,9.996614456,9.502497198,9.378070354,2.074733479622544,10.053796016057657,1.685330039023862,0.092,0.116,0.108,12.8299130207104,10.211328727134234,1.988073517454217,15.388896796217123,0.3031028885405554,-0.1207052575721094,0.054636398218148,-0.242417596755364,-0.06623611703598,0.7943813154572487,0.8381422917519147,0.6881416045607923,-2.402685642,-2.316095591,-1.398270488,1.425301313,1.723098159,1.085965633,3.827986955,4.03919375,2.4842361210000004,0.7962580048940424,0.8724957263160651,0.6913219880254828,1.1891879518158972,0.6775202647751992,1.6,533.1666884175648,40263.08337768088,76493.377949687,0.5445850475618891,1.6,1665.834440860638,6414.909596566353,5710.722769721344,0.4894653109668279,-0.2952849245799713,-0.1016651078026402,-0.0500912298884695,-0.1101498092685262,0.466400301477886,-0.1370279617908805,8.586800870914153,39,0,walking,0_walking
-0.09406186200844,-9.96630490504,-0.8995888518049234,2.5269759034524086,2.049140067631273,1.726791666433946,-6.06401062,-15.13579941,-5.462814331,6.97567606,-6.195017815,4.042075634,13.03968668,8.940781595,9.504889965,2.5287259342430946,10.174782969527962,1.947066912449961,0.076,0.12,0.12,13.397251264343764,10.43901252705013,2.1768670949687623,16.717044560181904,0.5778905163116894,-0.1315379552556539,0.0397380046795383,-0.257248181698288,-0.0730148904795208,0.7813852778783467,0.8177297724343421,0.6899774811275171,-2.613586903,-2.743395805,-1.548390627,1.421483397,1.48165369,1.185384035,4.0350703,4.225049495,2.733774662,0.7823950801870702,0.857238944351338,0.6938300214712604,1.1634923116386866,0.6889748969781138,1.6,1403.712963518874,62623.59395302998,76403.3848143622,0.541452830231543,1.6,2092.7390437227587,6802.273671392152,5425.238387420615,0.5396377315563613,-0.2697900383025416,-0.2796506240051771,0.1431085800463347,-0.2503603741781257,0.5002408345314914,-0.1327193465062505,8.972129381945155,62,0,walking,0_walking
-0.2781967357109079,-9.877344554712,-0.703276895854648,2.4859056378124555,2.059883301675456,1.8947129634141835,-7.625925541,-15.31585979,-5.185246468,6.704091072,-6.25543642,6.655636311,14.330016613,9.06042337,11.840882779,2.5014236474191964,10.089849090497845,2.021023405597448,0.084,0.1,0.128,13.30335451248914,10.354518443434698,2.220508577653226,17.20085880551101,0.605673655689377,0.0092189676213627,0.0494495410228279,-0.0322219180445479,-0.031492545783612,0.8331315961427753,0.8497660715507759,0.685676118278756,-2.721404552,-2.72873497,-1.590693116,1.863139033,1.893987656,1.34039104,4.5845435850000005,4.622722626,2.931084156,0.8345978154768778,0.850376756715109,0.6863989507697076,1.1956534747438172,0.6791542018649934,1.6,480.28602573140654,61184.31319046386,79616.79586231249,0.565403542354909,1.6,421.6174876875564,6935.686548386831,5772.297583503773,0.5246483064960952,-0.2206578094839999,-0.300168422390015,-0.0055713014466739,-0.131616679660527,0.5913110003952221,-0.4820017221306487,8.660126033194727,72,0,walking,0_walking
-0.4217086662452,-9.813484924296,-0.6394244226924399,2.7834951175123663,2.363144615927678,1.6872674861530748,-8.430512428,-16.72523117,-5.58843708,8.513064384,-3.867399693,3.849453449,16.943576812,12.857831477,9.437890529,2.81525900556263,10.09400509387492,1.804365584399369,0.084,0.116,0.088,13.041625200456682,10.30446058850664,2.624585537880716,18.66087104623792,0.585407860134054,0.5813854922692938,0.09642202506622,0.503968712063564,-0.0215397206379039,0.7240010569225006,0.862589849618053,0.6977800339088465,-2.29960227,-1.3377949,-1.585958838,1.569923639,2.89427948,1.141096234,3.869525909,4.23207438,2.727055072,0.7303935496311347,0.9990223778289968,0.6981124087759721,1.210242862351438,0.7444418030714423,1.6,1213.1776987530957,92369.67536609166,106377.12130417342,0.584533829160656,1.6,1192.898432805934,10936.359789411272,4457.657125722145,0.5039286384307894,-0.1532611950624122,-0.2978678599170862,0.1924649989654348,-0.2395913134535176,0.6025062005860519,-0.5367009651824688,8.514367152819629,7,0,walking,0_walking
-0.0003278128358999,-10.068923496092,-0.351881320989504,2.0947895796734737,2.01038421236981,1.716519114173806,-6.574280262,-18.23031807,-5.372485161,5.323431969,-5.4652071,7.448258877,11.897712231,12.76511097,12.820744038,2.094789605323128,10.26766112858714,1.7522152645680682,0.096,0.104,0.124,13.066383712163276,10.42718856570048,2.038873583815251,18.25405678630196,0.7729536792454819,1.1352912438485996,0.0166857849522799,-1.102357033540328,-0.2816968436498159,0.8723015472937506,1.2011202365292288,0.7891472411018029,-2.746297359,-3.475365162,-2.421164513,1.693165779,1.242652655,1.083216786,4.439463138000001,4.718017817,3.504381299,0.8724611193804256,1.63030084708187,0.8379179433935376,1.8010809770104492,0.9366338937591088,1.6,1627.8191445202267,22762.4364778279,95504.0088399306,0.6180570747937311,0.8,13361.387238608584,9470.313182888383,3961.40363348218,0.4294489640113721,-0.1209188057690685,0.1110697991149329,0.0325326899168347,-0.2787948573006005,0.2161833768405824,0.3004903226328346,5.789402536251123,82,0,walking,0_walking
0.0752064157027199,-9.952854844704,-0.700659145705092,1.9170679531661663,1.9277070385203308,1.6400807535390212,-4.564907551,-15.87219048,-5.419145107,5.301298618,-5.505286694,4.03788805,9.866206169,10.366903786000002,9.457033157,1.9185425567392465,10.137818995529004,1.7834764132416534,0.072,0.112,0.1,12.848947906894908,10.278806958042422,1.995769316333002,16.10567450674124,0.2351629378141473,0.0776610296447524,0.031904880743656,-0.7053245587879201,-0.2014853489272879,0.8223264544442103,0.9896213033927536,0.718582168658355,-2.497064352,-3.670536518,-1.939344406,1.495398164,0.9382890463,1.177290082,3.992462516,4.6088255643,3.116634488,0.8229451495051495,1.2152502036034172,0.7462953027763846,1.385703269246234,0.8893002333287637,1.6,2647.912000611447,45188.27960802944,69557.94128031237,0.5923164438427642,1.6,10150.0010180317,8980.278277161053,4885.813376898331,0.4488402320128603,-0.275697697188357,0.0024600847850023,-0.0469928310962151,-0.1600016777409622,0.3340940493620579,0.1742616597962924,7.41774936122097,54,0,walking,0_walking
-0.2756100982812799,-9.813908454848,-0.77183844846188,2.312893742720245,2.2029751806982016,1.565121183988232,-7.633702278,-15.00060558,-4.50269413,5.758925915,-5.366502762,4.225126743,13.392628193,9.634102818,8.727820872999999,2.3292570470837006,10.058126008701093,1.7450899435538465,0.072,0.112,0.1,12.89081995530492,10.207527866982128,2.3330347091662547,16.657129447159797,0.2650465874770457,-0.2292968663762842,0.0497519220294039,0.240822018379032,-0.0325426237158611,0.7268252475121445,0.793046964954997,0.6395779659457419,-2.334879637,-1.270905137,-1.267239928,1.28724575,2.649475336,1.158353209,3.622125387,3.920380473,2.425593137,0.7285260422021371,0.828805606376117,0.6404053379552709,1.0990077525892594,0.6480508343930305,1.6,1054.677313659252,66531.79918920543,94976.7226164602,0.526248722169693,1.6,1713.4168497945757,6746.174377543285,4250.01058800063,0.4921151941210441,-0.2439746456333955,-0.3505319989667168,0.1151028380470824,-0.3089902060977901,0.6066333654679079,-0.5029175387497313,9.287940467201231,19,0,walking,0_walking
-0.4074259107068919,-9.800848413584,-0.7776482188901359,2.266134734377726,1.9457876180386429,1.5637176557371977,-7.356733322,-15.09990692,-5.36111927,7.05164814,-5.931209087,2.940180779,14.408381462,9.168697833,8.301300049,2.302468785253895,9.992132859433193,1.7464105070707854,0.076,0.104,0.068,12.840541946333405,10.190405864844116,2.0855837448040595,16.706042925994417,0.4583715631761935,0.1761464716201102,0.059209336091132,0.198508601993212,-0.00459065230702,0.7959083672030047,0.9409127706511408,0.656614481190615,-2.575865984,-1.821141958,-1.524261475,1.245248795,2.204001904,1.105666041,3.821114779,4.025143862,2.6299275160000004,0.7981076835014843,0.9616249305418956,0.6566305285301807,1.2375042878866525,0.6792975562769121,2.4000000000000004,1495.3494653474488,54155.68276482929,74079.7140564515,0.5436119676558266,1.6,2681.866119703277,6407.045061804511,4794.598821528982,0.5382180791725137,-0.2401520843570386,-0.4116544919057707,0.1412286865087761,-0.2243233799860555,0.6740300597461943,-0.2947811970153283,8.234636219007003,68,0,walking,0_walking
-0.2600256451627279,-9.826224279343998,-0.7036214634712401,2.276363651263857,2.152829591894996,1.521255379467843,-6.588038921,-16.7288208,-5.215157032,6.141179085,-5.173282623,3.501895905,12.729218006,11.555538177,8.717052937,2.2911666916524456,10.05929216395012,1.6760969821037388,0.084,0.096,0.12,12.789586770547873,10.199671638620126,2.283594361175251,18.187240044433345,0.4184646822417413,0.3614374151809727,0.06107675201472,-0.074937895635876,-0.031300124137876,0.7600978373058551,0.82346711268117,0.7331353893743882,-2.610990763,-2.363284826,-1.556484699,1.09131074,1.734399199,1.235016823,3.702301503,4.097684025,2.791501522,0.7625477636933347,0.8268698651358605,0.7338032412875963,1.1657368200265303,0.66687159869207,1.6,1342.3935462740783,57659.90764455624,95790.84294531374,0.5693296049529022,1.6,2183.2932326303903,5379.339706799176,5710.341280760126,0.5278312207803816,-0.3064428203934202,-0.409953909176299,0.120569030906382,-0.3031004182371661,0.5965726965191495,-0.4156013636631469,8.749541675149562,25,0,walking,0_walking
-0.3219901775033399,-9.831426288592,-0.744569834573252,2.6023848032825114,2.1445500303475957,1.854323498981769,-9.127422333,-17.27438545,-5.46161747,7.557730198,-5.565107346,5.510072231,16.685152531,11.709278104,10.971689701,2.6222288875619517,10.06260591003552,1.998224180974805,0.1,0.128,0.104,13.149139485385913,10.317948237856506,2.380118920934909,18.5807637689548,0.5173499692512608,1.018018465733037,0.046064735985104,0.5624682280278359,0.024991719643108,0.8053865041003361,0.8995540310371775,0.6633771080376759,-2.408641577,-1.100321054,-1.484097123,2.019520521,2.971401215,1.199739337,4.428162098,4.071722269,2.68383646,0.8067027834886514,1.0609278779898326,0.6638477035579395,1.2427612491421431,0.8201070627266642,2.4000000000000004,417.73536066332383,77184.5379975998,90404.40540159016,0.5339299224498053,1.6,1256.5498987988149,13227.196769367938,5849.2680878308975,0.4716920967907848,-0.173765154373448,-0.3136599641177456,0.144521032418958,-0.2862817610299092,0.5884655696249838,-0.727561037296837,8.302431333892548,44,0,walking,0_walking
-0.277672712266376,-9.8423375566,-0.6436932173188681,2.3394986571282823,2.1632792868958743,2.189942899099097,-8.300103188,-14.89771366,-4.691128731,5.949753284,-5.519643784,21.82912254,14.249856472,9.378069876,26.520251271,2.355919375072585,10.077270754086722,2.282584250216599,0.088,0.128,0.096,13.0521033414625,10.310582058690756,2.450271499927124,24.752863808607263,0.9435681634949842,3.881709267193946,0.0560310041995319,-0.1109905493821236,-0.0459205759949199,0.7781426980232907,0.8418146197916263,0.7155798244408199,-2.498744249,-2.30479455,-1.54823792,1.749976158,1.861001015,1.424843192,4.248720407,4.165795565,2.973081112,0.7801573763790061,0.8490999682882258,0.7170517306627604,1.1682416342826534,0.6920917254531329,3.2,1507.812304708984,56035.946974112056,105971.13452116496,0.6298605790492838,1.6,1432.717118848082,7487.229676460926,5286.1609190741165,0.4901503172311742,-0.2552110553501525,-0.2550679669155671,-0.065258959756454,-0.1318803478404437,0.4839521457070427,-0.3863654687089887,8.825719723045255,13,0,walking,0_walking
0.0086907300355,-9.922789043472,-0.3038310473955199,1.91271951316886,1.912862176915007,2.5032326804833818,-4.179663181,-14.78884029,-5.686542988,5.56929493,-5.69611454,24.59163666,9.748958111,9.09272575,30.278179648,1.9127392568893105,10.105482873624595,2.521604084308533,0.124,0.096,0.124,13.00991310238826,10.34918548449831,2.243257127352187,27.020606764081865,1.88938484558076,10.89942713334708,-0.0573895677782679,-1.146478607776976,-0.2432966309196244,0.8735952195897861,1.040229996755507,0.7962397516901575,-2.957809448,-4.088215828,-1.801136136,1.442100167,1.057560444,1.019992232,4.399909615,5.145776272,2.821128368,0.8754782522598166,1.548060607418261,0.8325809226666461,1.7352756231974755,0.919218863353638,6.800000000000001,3936.875310861503,37457.00029437362,88031.76276103678,0.6724978924012223,1.6,8438.0691387136,9820.143327106342,7154.834890189571,0.5126897515791422,-0.3619404609738,-0.0110511695776103,0.0102589619062369,-0.1230628716749698,0.3576867345350777,0.1656447796194511,5.9639975241691285,58,0,walking,0_walking
-0.0040869392854719,-9.835776436024,-0.6911309236003601,2.319902949637515,1.8204382379439084,1.821270913226104,-6.737590313,-14.85883045,-4.444069862,6.775875568,-5.851049423,6.407381058,13.513465881,9.007781027,10.85145092,2.319906549585471,10.002824275054186,1.9479963277481127,0.1,0.112,0.116,13.112687227976927,10.27612313825364,1.9064214688235095,15.40692998463551,0.4520200836343112,0.0370297633913363,0.0557884896169479,-0.267867463845548,-0.057063976424972,0.8676302517524958,0.9432943782436258,0.7449227777017093,-2.649933338,-3.048522949,-1.842522264,1.424843192,1.914146304,1.259604096,4.074776529999999,4.962669253,3.10212636,0.8694219972659073,0.9805902621447322,0.7471052416790154,1.321061895226666,0.7282949832775891,1.6,1066.651014479355,54730.5236568431,51592.543537737736,0.5405064490116688,1.6,2389.3144023316004,7051.680533710093,6375.674714675474,0.565169662548315,-0.0710026311513734,-0.125919359220789,-0.0146209999987688,-0.2108951943894717,0.5060541935664128,-0.3673872864957422,7.778678195704285,3,0,walking,0_walking
0.095875615136896,-9.932286148016,-0.1750589088116159,1.7082930233562137,1.6353506228073451,1.442429987924681,-5.117649555,-15.51386547,-4.305285931,4.856233597,-6.798607349,3.323032379,9.973883152,8.715258121000002,7.62831831,1.7109813520975006,10.066016083117834,1.453014071376705,0.084,0.116,0.096,12.414787003041392,10.170540590367688,1.7098219100579777,16.247108054866867,0.6028991660629428,0.5822720172688909,-0.0216142456198576,-1.3159161402458053,-0.232942464701772,0.7497411902326512,1.0628752233772665,0.7014726206407785,-2.538145065,-3.649156332,-1.885588288,0.9610437751,0.9476047158,1.233947754,3.4991888401000004,4.5967610478,3.119536042,0.7500526834464282,1.6915492983146223,0.7391387078011663,1.763237520570669,0.928028842221866,6.0,1223.0329146009224,15991.447625062743,68506.33508314182,0.5840818480047767,0.8,13567.59742461014,8734.29099435531,4405.3788297173,0.4291682494920266,-0.0267464274394807,0.0360585481650034,-0.1302113907026599,-0.4090835194149778,0.1893345329871305,0.1036225299536601,5.7681025407022135,17,0,walking,0_walking
-0.202463906554064,-9.833622901732,-0.8135764488249719,2.073614358979466,1.7990734009419769,1.5638125294276344,-5.916851997,-13.88674641,-5.002195835,5.410770416,-6.213562012,3.162713289,11.327622413,7.673184398000001,8.164909124000001,2.0834750162224056,9.99683972440516,1.7627865058700412,0.1,0.108,0.096,12.787576808575718,10.197993540317809,1.840113212707777,14.974292397951595,0.3051663099407898,-0.3228862035034301,0.0330105472144012,-0.15671687076256,-0.0525350205262599,0.7607534231748199,0.8012614452187842,0.6645714399709896,-2.397187948,-2.316095591,-1.345583439,1.206917048,1.699579835,1.18721664,3.604104996,4.015675426,2.5328000790000003,0.761469281783317,0.8164435566379978,0.6666446783758264,1.126323925318142,0.649788496926535,1.6,787.3752333935262,39531.59647929951,61272.83261398408,0.5074360679224938,1.6,1841.259761332387,5753.159640564107,5231.0466026261975,0.4663236361035834,-0.3392630452300892,-0.1456018596078875,-0.0369100068424422,-0.2260510911217911,0.5314085990394462,-0.2110041380774066,9.05421988902295,38,0,walking,0_walking
-0.4338522437521476,-9.830272945488,-0.6405729818315881,2.824517540077146,2.367652495085089,1.6757473087676236,-8.152346611,-16.72523117,-5.58843708,8.513064384,-3.867399693,3.849453449,16.665410995000002,12.857831477,9.437890529,2.857643627818596,10.111381929305011,1.7940074659528442,0.084,0.128,0.104,13.17995186438944,10.337248670381708,2.6011390463553328,18.66087104623792,0.5402510144991083,0.5366105297227968,0.074557325535016,0.496033570960356,-0.0176955445179919,0.7505625376924939,0.977049562726012,0.6905574213041382,-2.229658127,-1.386969566,-1.467145562,1.569923639,2.89427948,1.170417786,3.799581766,4.281249046,2.637563348,0.7542565331359953,1.0957532347854484,0.6907841083971238,1.2927477689279012,0.7586593172610795,2.4000000000000004,898.069776364661,86931.68009112778,109163.34849621513,0.588553772406041,1.6,1434.8582826233458,10485.354062271645,5363.283068333654,0.5144396014991883,-0.1602824343475543,-0.2491371181331608,0.1334658872838274,-0.2805883315461744,0.5418341425399362,-0.5684151340085094,7.996332248650731,8,0,walking,0_walking
-0.09168817819452,-9.988462484268,-0.517325861511188,2.099714107472612,1.870879650546902,1.421019145423006,-5.255835056,-14.98146248,-4.48534584,6.471388817,-6.121438503,3.46959281,11.727223873,8.860023976999999,7.95493865,2.10171502710052,10.162163818127503,1.512257074259209,0.072,0.104,0.1,12.828238074348212,10.29834935258028,1.9793184666587216,16.63211661247174,0.685535960839954,0.2491595598321887,-0.002475834749884,-0.9895754305364772,-0.1967407592068184,0.7860149826727811,0.9315481967174988,0.7290653430531067,-2.434756041,-3.519042015,-2.120771408,0.9317222238,0.7988590002,1.176984668,3.3664782648,4.3179010152,3.297756076,0.7860188819257469,1.3590590772770248,0.7551444899980528,1.5481654679460577,0.7989331279316577,1.6,1325.3344132551022,47880.951623436034,67257.69299897675,0.5110630421711221,1.6,3990.726015628597,11274.138412016591,4226.231008712316,0.4329821280468194,-0.1547736287357627,-0.290816618755579,0.1510510537832878,-0.420059319867414,0.2720308765496743,-0.0140098831653056,6.6519651250701965,65,0,walking,0_walking
-0.282144891915544,-9.860319625863998,-0.5370498951177199,2.1495743384805297,1.9271516730406493,1.4984632820208883,-8.430512428,-15.0089798,-4.278964996,6.792625427,-5.858228207,3.284747362,15.223137855,9.150751593,7.563712358,2.1680118949599976,10.046880943611413,1.5917960916558271,0.084,0.112,0.104,12.613278822938817,10.190559153999466,2.0800026918344745,16.724741399337535,0.3928625658252462,0.1192315521820277,0.0144371902030239,-0.3273907827521919,-0.086770965503512,0.7269266797767254,0.8847079417199071,0.735673898341733,-2.56777215,-2.66581583,-1.831526756,0.8683449626,2.10931778,1.141096234,3.4361171126000003,4.77513361,2.97262299,0.7270700311745576,0.9433413310002734,0.7407734371288797,1.2184816999391483,0.6946735413665022,1.6,1844.9996890706852,51154.51491672222,73486.97599967962,0.5824094843198474,1.6,3492.4838845863915,6450.031833017865,4560.535952017815,0.5200425193452648,-0.2015974462015614,-0.3568987804879146,0.0520997400129833,-0.0853787729738375,0.5171309272309013,-0.0400906005614717,8.363318703259708,6,0,walking,0_walking
-0.0556594500331,-9.937780092195998,-0.4101465478610799,2.02815875955114,1.9974810822288656,1.678034712745318,-6.218348026,-15.40259933,-5.147559643,5.175675392,-4.7844491,4.671388149,11.394023418,10.61815023,9.818947792,2.02892235640549,10.136538059648831,1.7274318185967927,0.1,0.112,0.108,12.76860891922578,10.272551688109804,2.0795750205376917,16.57190502085719,0.4277378276875166,0.6807493631708206,0.0147804924930919,-0.791772375547676,-0.1655279889897024,0.8242806264640141,1.0794061807935351,0.7402913390350234,-2.499507904,-3.522554398,-1.937359095,1.562746048,1.606728315,1.651474237,4.062253952,5.129282713,3.588833332,0.824413133157306,1.3386639600047865,0.7585715403238135,1.5261075799124304,0.8474105547259897,6.4,1024.1356500908987,39392.67667789246,90856.17448283112,0.5700932122878647,1.6,10227.12665032514,7459.03430672554,4433.507869433148,0.4553202156940633,0.1063983918716351,-0.0769020363969347,-0.0870527215311662,-0.1882254229072915,0.3012371511878469,0.0650046418551745,6.731206300340212,36,0,walking,0_walking
0.01798206220692,-9.944683372419998,-0.3640296788343199,1.65080547025216,1.700593221098202,1.4732175210924934,-5.966503143,-13.83410454,-4.631308079,4.569094658,-6.007181168,3.422334671,10.535597801,7.826923372,8.05364275,1.650903405767784,10.089040820679235,1.517526761387136,0.096,0.1,0.128,12.32904260086388,10.17710142699229,1.8010332458745033,15.103153694746522,0.5562509336055905,0.0051709672310429,-0.030760732617712,-1.2714854614853242,-0.253777858661472,0.8664465338193662,1.04962553120136,0.7008203522003921,-2.807536602,-3.48376441,-1.833817482,1.14491415,0.921490252,1.093601465,3.952450752,4.405254662,2.927418947,0.8669923982589308,1.648753782260494,0.7453538539546728,1.7514833658572495,0.9787355311254928,6.4,1706.9596154129104,19748.0926069731,77053.96958180901,0.5683267755883009,0.8,17364.30325423395,6439.217683133533,5813.319805854973,0.4094706550069067,-0.1070133408960614,-0.1377216452286036,0.1002192621723997,-0.3790983711190082,0.2749497947979888,0.0946322661953861,5.810557961795561,76,0,walking,0_walking
